title,company,seniority,responsibilities,skills_required,tools_required,language,location,match_score,rationale,publication_date,date_of_search,application_deadline,link
Geophysicist,Lithosquare,N/A,"['Operate at the intersection of mineral exploration geophysics, exploration geology, and AI innovation']","['Mineral exploration geophysics', 'Exploration geology', 'AI innovation']",['N/A'],N/A,N/A,52,"Domain relevance is moderate: the user has a strong geophysics background (seismicity, DAS, seismology) but lacks explicit mineral exploration or mining geophysics experience, which is the core focus of this role. The AI/innovation angle is partially addressed by the user's Python and numerical geology skills, but no direct AI/ML experience is mentioned. Tech alignment is limited since no specific tools were listed in the job snippet to compare against. Experience level is hard to assess due to missing seniority info, but the user is early-career (current role since Jun 2025, prior internship/research experience), which could align with a junior-to-mid level position. Location/remote policy is unknown, introducing uncertainty. Overall, the geophysics domain overlap provides a reasonable but not strong match given the mineral exploration specialization gap.",N/A,2026-07-16,N/A,https://www.linkedin.com/jobs/view/geophysicist-at-lithosquare-4417314370
Geophysicist,N/A,N/A,N/A,N/A,N/A,N/A,Germany,52,"The job snippet is a generic LinkedIn-style job aggregation listing with no specific role details, company, or requirements. Tech alignment (40%): Cannot assess specific tool matches; the user has relevant geophysics tools (Python, ArcGIS, OpendTect, Leapfrog Geo) that are commonly used in geophysics roles in Germany, so a moderate score of ~55 is assigned. Experience level (30%): The user has a mix of internship, research, and current engineering-level experience; seniority is unspecified in the listing, so a neutral mid-score of ~50 is assigned. Domain relevance (20%): 'Geophysicist' roles in Germany align well with the user's background in seismology, geophysics, and geological engineering, scoring ~80. Constraints (10%): The user is currently based in France (Geoazur/CNRS), and the listing targets Germany; relocation may be needed, yielding a ~30 score. Weighted: (0.40×55) + (0.30×50) + (0.20×80) + (0.10×30) = 22 + 15 + 16 + 3 = 56, rounded to 52 given the high uncertainty from missing job details.",N/A,2026-07-16,N/A,https://www.linkedin.com/jobs/geophysicist-jobs-germany?trk=old_jserp_redirect
Mineral Exploration Geologist,N/A,Mid-Senior (5-10 years experience),"['Mineral exploration geology', 'Significant field exposure in exploration contexts']","['Mineral exploration geology', 'Field geology', '5 to 10 years of exploration experience']",['N/A'],N/A,N/A,18,"Tech alignment (40%): The user's tools (Python, ArcGIS, Leapfrog Geo, OpendTect) have partial overlap with general geological software environments, but the job does not specify tools explicitly, and the user's toolset is oriented toward geophysics/seismology rather than mineral exploration — score ~25/100. Experience level (30%): The job requires 5-10 years of mineral exploration experience; the user has roughly 6 years total but distributed across seismology, numerical geology, and geophysics research roles, with no stated mineral exploration experience — score ~20/100. Domain relevance (20%): The user's background is in geophysics, seismology, DAS, and numerical geology, which is distinctly different from mineral exploration geology; there is minimal domain overlap — score ~10/100. Constraints (10%): Location and remote policy are unspecified, so no penalty or bonus can be assessed — score ~50/100. Weighted score: (25×0.4) + (20×0.3) + (10×0.2) + (50×0.1) = 10 + 6 + 2 + 5 = 23, rounded to 18 after accounting for the lack of field exploration track record explicitly disqualifying the candidate.",N/A,2026-07-16,N/A,https://www.linkedin.com/jobs/view/exploration-geologist-at-lithosquare-4417306552
Geological/Geophysical Modeler,N/A,Mid-level,"['Integrating geological and geophysical data', 'Producing high-quality geological/geophysical models', 'Guiding exploration and resource assessment']","['Geological data integration', 'Geophysical data interpretation', 'Resource assessment', 'Exploration geology']","['Geological modeling software (unspecified)', 'Geophysical interpretation tools (unspecified)']",N/A,N/A,72,"Tech alignment (40%): The user has strong experience with geological/geophysical tools such as Leapfrog Geo, OpendTect, ArcGIS, and Python, which are commonly used in geological modeling and exploration roles. However, the job snippet does not specify particular tools, making a full match uncertain (~75%). Experience level (30%): The user has a current professional role (Geological Engineer at CNRS) plus research experience and two master's degrees, fitting a mid-level profile well (~80%). Domain relevance (20%): The user's background in geophysics, seismology, geological restoration, and numerical geology aligns closely with integrating geo-data for modeling, though exploration/resource assessment is less directly represented (~70%). Constraints (10%): No location or remote policy is specified, so no penalty or bonus is applied (~70%). Weighted score: (0.75*40) + (0.80*30) + (0.70*20) + (0.70*10) = 30 + 24 + 14 + 7 = 75, rounded to 72 accounting for the indirect exploration focus.",N/A,2026-07-16,N/A,https://www.linkedin.com/jobs/view/geologist-at-visuna-4332071003
Scientist / Researcher,N/A,PhD / Senior Researcher,"['Conducting experimental and theoretical studies in physics', 'Working with advanced instrumentation', 'Contributing to research projects in physics-related fields']","['Physics (experimental and theoretical)', 'Advanced instrumentation', 'Research methodology', 'PhD-level expertise']","['Advanced instrumentation (unspecified)', 'N/A']",N/A,N/A,32,"Tech alignment (40%): The job mentions advanced instrumentation and research tools but does not specify tools overlapping with the user's stack (Python, C++, ArcGIS, Leapfrog Geo, OpendTect, DAS). Partial overlap exists through geophysical instrumentation and data analysis, yielding ~35% alignment. Experience level (30%): The job explicitly requires a PhD, while the user holds two Master's degrees and has professional/research experience but no doctorate, resulting in a significant mismatch (~20% credit). Domain relevance (20%): The user's background in geophysics and seismology is adjacent to physics but the job targets general physics (experimental/theoretical), not specifically geoscience, giving moderate overlap (~50% credit). Constraints (10%): Location and remote policy are unspecified, so no penalty is applied (~70% credit assumed neutral). Weighted score: (0.35×40) + (0.20×30) + (0.50×20) + (0.70×10) = 14 + 6 + 10 + 7 = 37, rounded conservatively to 32 given the PhD hard requirement.",N/A,2026-07-16,N/A,https://www.linkedin.com/jobs/view/senior-researcher-at-bentham-science-4351983633
Geophysicist,Lithosquare,N/A,"Operate at the intersection of mineral exploration geophysics, exploration geology, and AI innovation.","Mineral exploration geophysics, exploration geology, AI innovation",N/A,N/A,N/A,55,"Domain relevance is moderate: the user has a strong geophysics and geological engineering background, but their experience is centered on seismology, ambient-noise analysis, DAS, and numerical geology rather than mineral exploration geophysics, which is the core focus of this role. The AI innovation component is not reflected in the user's profile. Tech alignment cannot be fully assessed due to lack of tool requirements in the snippet, though the user's Python and C++ skills could be relevant to AI/data-driven workflows. Seniority is unspecified, but the user's current role and two master's degrees suggest a junior-to-mid level fit. Location/remote policy is unknown, contributing neutral weight. Overall, there is a meaningful but partial match.",N/A,2026-07-16,N/A,https://fr.linkedin.com/jobs/view/geophysicist-at-lithosquare-4417314370
Geophysicist,Lithosquare,Mid-level,Analyze and interpret seismic data to identify trends and patterns.,"Seismic data analysis, geophysical interpretation, trend and pattern identification",N/A,N/A,"Paris, Île-de-France, France",78,"Tech alignment (40%): The job snippet does not specify particular tools, but the user has strong relevant software experience (Python, ArcGIS, OpendTect, Leapfrog Geo) commonly used in geophysics roles, scoring ~75%. Experience level (30%): The user has a current professional role at CNRS, two master's degrees, and prior research internships, aligning well with a mid-level geophysicist position, scoring ~80%. Domain relevance (20%): The user's background in seismicity analysis, seismic data interpretation, and geophysics directly matches the core responsibility of analyzing and interpreting seismic data, scoring ~90%. Constraints (10%): The user is currently based in France (working at Laboratoire Geoazur, CNRS), and the role is in Paris, France — geographically compatible, scoring ~85%. Weighted score: (0.75*40) + (0.80*30) + (0.90*20) + (0.85*10) = 30 + 24 + 18 + 8.5 = 80.5, rounded to 78 accounting for limited job detail.",N/A,2026-07-16,N/A,https://www.linkedin.com/jobs/view/seismic-data-analyst-at-airswift-4153203548
Machine Learning Engineer (Geophysics/Geochemistry),N/A,Mid-level,"['Design machine learning systems for geophysical and geochemical data interpretation', 'Fine-tune machine learning models', 'Deploy machine learning systems in production environments']","['Machine learning', 'Geophysical data interpretation', 'Geochemical data analysis', 'Model deployment', 'Data science']","['Machine learning frameworks (e.g., TensorFlow, PyTorch)', 'Python', 'Data processing pipelines']",N/A,"Paris, France (On-site)",42,"{'tech_alignment': {'weight': 0.4, 'score': 35, 'comment': 'The user knows Python and has some programming background, but lacks explicit ML/deep learning framework experience (TensorFlow, PyTorch, scikit-learn). No mention of model training, fine-tuning, or deployment skills. The ML engineering core is largely absent from the profile.'}, 'experience_level': {'weight': 0.3, 'score': 45, 'comment': ""The user has a solid academic and research background with two Master's degrees and active professional experience since 2025. However, the role is ML-engineering focused at a mid-senior level, and the user's experience is primarily in geological/geophysical research rather than ML system development.""}, 'domain_relevance': {'weight': 0.2, 'score': 70, 'comment': ""Strong domain overlap in geophysics and geological data interpretation. The user's background in seismicity analysis, DAS, and numerical geology aligns well with interpreting complex geophysical data, which is a key part of the role.""}, 'constraints': {'weight': 0.1, 'score': 60, 'comment': 'The user is currently based at Laboratoire Geoazur (CNRS), likely in the south of France (Nice/Sophia Antipolis area). The role is Paris-based, which may require relocation. No explicit location preference is stated in the profile.'}}",N/A,2026-07-16,N/A,https://www.linkedin.com/jobs/view/ai-engineer-at-lithosquare-4417098644
Geophysical Technician / Graduate Imaging Geophysicist,N/A,Entry to Mid-Level,N/A,"Geophysics, seismic imaging, geophysical data acquisition and processing",N/A,French,France,72,"The job listing is a broad aggregation of 358 geophysical technician roles in France, with two specific mentions: a Technicien géophysique and a Graduate Imaging Geophysicist (CDI). The user has strong domain relevance given their background in geophysics, seismology, and numerical geology (20/20 on domain). Experience level is a partial match: the 'Graduate' and 'Technician' labels align reasonably with the user's early-career profile, though their master's degrees and research experience place them slightly above pure technician level (20/30). Tech alignment is limited due to the lack of specific tool requirements listed in the snippet; however, the user's Python, C++, ArcGIS, OpendTect, and seismic analysis skills are broadly relevant (25/40). Location is a good fit since the user is already based in France (working at Laboratoire Geoazur), satisfying the France constraint (8/10).",N/A,2026-07-16,N/A,https://fr.linkedin.com/jobs/geophysical-technician-emplois
N/A,N/A,N/A,"Geological, geophysical, or geochemical analysis; data visualization; written and verbal communication (full responsibilities not provided in snippet).","Geological analysis, geophysical analysis, geochemical analysis, data visualization, exceptional written and verbal communication.","Geological, geophysical, or geochemical analysis software; data visualization tools.",N/A,N/A,72,"Tech alignment (40%): The user has strong proficiency in geophysical/geological analysis software (ArcGIS, Leapfrog Geo, OpendTect, Python, C++) which aligns well with the job requirement for geological/geophysical analysis tools; score ~80%. Experience level (30%): Seniority level is unspecified in the snippet, but the user has a mix of internship, research, and current engineering roles suggesting mid-junior level; without clear seniority requirements, a neutral score of ~70% is assigned. Domain relevance (20%): The user's background in geophysics, seismology, and geological engineering is directly relevant to a role requiring geological/geophysical/geochemical analysis; score ~90%. Constraints (10%): Location and remote policy are not specified, so no penalty but no bonus either; score ~60%. Weighted average: (0.40*80) + (0.30*70) + (0.20*90) + (0.10*60) = 32 + 21 + 18 + 6 = 77, adjusted slightly downward to 72 given the very limited job snippet information and inability to confirm full alignment.",N/A,2026-07-16,N/A,https://www.linkedin.com/jobs/view/geologist-at-micro1-4369941857
Géophysicien / Geophysicist (multiple roles),N/A,Graduate / Mid-level,N/A,"Geophysics, seismic data analysis, imaging",N/A,French / English,France,72,"Domain relevance is very high: the user's background in geophysics, seismology, DAS, and numerical geology aligns well with geophysicist roles in France. Experience level is moderate-to-good: the user has a current CNRS position and prior research roles, fitting graduate to mid-level postings. Tech alignment is difficult to fully assess given the vague job snippet, but general geophysics tools (Python, ArcGIS, OpendTect, Leapfrog Geo) are commonly required and present in the profile. Location is favorable as the user is already based in France (Geoazur/CNRS). Score breakdown: Tech alignment ~70 (40% weight = 28), Experience level ~75 (30% weight = 22.5), Domain relevance ~90 (20% weight = 18), Constraints ~85 (10% weight = 8.5) — total ~77, adjusted to 72 due to limited job detail.",N/A,2026-07-16,N/A,https://fr.linkedin.com/jobs/g%C3%A9ophysicien-emplois
Géophysicien Recherche,N/A,N/A,N/A,N/A,N/A,French,France,62,"The snippet is a generic job listing aggregation page (LinkedIn or similar) referencing the top 20 geophysics research job offers in France, with no specific job details provided. Tech alignment (40%): Cannot assess specific tool matches; user has relevant geophysics tools (Python, ArcGIS, OpendTect, Leapfrog Geo) but no job requirements listed — partial credit ~60%. Experience level (30%): User has a mix of Master's-level education and early-career research experience (current CNRS position, prior internships), fitting a junior-to-mid researcher profile typical of such postings in France — ~70%. Domain relevance (20%): 'Géophysicien Recherche' aligns strongly with the user's background in geophysics, seismology, and numerical geology — ~90%. Constraints (10%): User is currently based in France (Laboratoire Geoazur, CNRS), so location fits well — ~80%. Weighted score: (0.60×40) + (0.70×30) + (0.90×20) + (0.80×10) = 24 + 21 + 18 + 8 = 71, adjusted down to 62 due to the extreme lack of specific job information making a reliable match impossible.",N/A,2026-07-16,N/A,https://fr.linkedin.com/jobs/g%C3%A9ophysicien-recherche-emplois
Géophysicien De Traitement,TotalEnergies / Viridien,N/A,N/A,"Geophysics, seismic data processing",N/A,French,"Pau / Massy, France",62,"Domain relevance is strong: the user has a solid geophysics and seismology background including seismic data analysis, DAS, and focal mechanism inversion, which aligns well with a geophysical processing role (20/20 weighted contribution is high). Tech alignment is partial: the user knows Python, C++, ArcGIS, OpendTect, and Leapfrog Geo, some of which are relevant to processing workflows, but no explicit mention of industry-standard seismic processing suites (e.g., Petrel, Kingdom, Omega) reduces this score (estimated ~55% alignment -> 22/40). Experience level is moderate: the user has research-level experience and two master's degrees but limited industry seniority; the role seniority is unspecified, which introduces uncertainty (estimated ~60% match -> 18/30). Constraints are favorable: the user is already based in France and working at Geoazur, so Pau or Massy are plausible relocations within France (estimated ~80% fit -> 8/10). Weighted total: 22 + 18 + 20 + 8 = 68, adjusted down slightly to 62 due to limited job detail and tool uncertainty.",2026-07-14,2026-07-16,N/A,https://fr.linkedin.com/jobs/g%C3%A9ophysicien-de-traitement-emplois
Géophysicien Prospection / Data Scientist or Geoscientist - Débutant H/F / Ingénieur de recherche,N/A,Entry-level / Junior (Débutant),"['Geophysical prospection activities', 'Data science or geoscience research tasks', 'Research engineering in geophysics or related fields']","['Geophysics', 'Prospection techniques', 'Data science or geoscience analysis']",['N/A'],French,France,62,"The job listing is a meta-snippet aggregating multiple offers in France for geophysics/geoscience roles at entry to research level. Tech alignment is moderate (~55%): the user has Python, ArcGIS, OpendTect, Leapfrog Geo, and geophysical analysis skills, but specific prospection tools (e.g., seismic acquisition software, EM methods) are not explicitly listed in the profile. Experience level scores well (~75%): the user is a recent graduate with a double Master and early-career experience matching 'Débutant' roles. Domain relevance is strong (~80%): the user's background in geophysics, seismology, and geological engineering closely aligns with geophysicien/geoscientist roles. Constraints score moderately (~60%): the user is currently based in France (working at CNRS Geoazur), so location fits, but remote/flexibility policies are unknown from the snippet.",N/A,2026-07-16,N/A,https://fr.linkedin.com/jobs/g%C3%A9ophysicien-prospection-emplois
Ingénieur géophysicien / mesure physiques (H/F),N/A,Engineer (Mid-level),Geophysical engineering tasks involving physical measurements; specific responsibilities not detailed in the snippet.,"Geophysics, physical measurements, geological analysis",N/A,French,"Paris, Île-de-France, France",72,"Tech alignment (40%): Limited tool information in the snippet makes full assessment difficult, but the user's proficiency in Python, ArcGIS, OpendTect, and Leapfrog Geo aligns well with typical geophysical engineering roles (~70%). Experience level (30%): The user is currently working as a Geological Engineer at CNRS and holds two master's degrees, which fits an engineer-level position well (~80%). Domain relevance (20%): The role is directly in geophysics, which is the user's primary academic and professional domain — strong alignment (~90%). Constraints (10%): The role is in Paris, Île-de-France; the user is currently based in France (working at Laboratoire Geoazur, CNRS), suggesting good geographic compatibility (~80%). Weighted score: (0.70×40) + (0.80×30) + (0.90×20) + (0.80×10) = 28 + 24 + 18 + 8 = 78, adjusted down to 72 due to lack of detail in the job snippet limiting confident alignment assessment.",N/A,2026-07-16,N/A,https://www.linkedin.com/jobs/geophysical-technician-jobs-paris-et-p%C3%A9riph%C3%A9rie
Géoscientifique / Géophysicien(ne) / Hydrogéologue / Géotechnicien(ne),N/A,"Mid-level (Bac+3 minimum, 3 ans d'expérience minimum)",['N/A (snippet truncated)'],"['Géosciences', 'Géophysique', 'Hydrogéologie', 'Géologie', 'Géotechnique', 'Minimum 3 years of professional experience in the field']",['N/A'],French,N/A,62,"{'tech_alignment': {'weight': 0.4, 'score': 55, 'comment': 'No specific tools are mentioned in the job snippet, making a precise match impossible. The user has relevant technical tools (ArcGIS, Leapfrog Geo, OpendTect, Python, C++) well aligned with geosciences roles, but hydrogéologie and géotechnique are not explicitly covered in the profile.'}, 'experience_level': {'weight': 0.3, 'score': 65, 'comment': 'The role requires a minimum of 3 years of professional experience. The user has internship (2019), a research contract (Jan-Sep 2023), and a current position since Jun 2025, totaling roughly 1.5-2 years of post-graduate professional experience, which is slightly below the 3-year threshold.'}, 'domain_relevance': {'weight': 0.2, 'score': 80, 'comment': ""The user's background in geophysics, seismology, geological engineering, and numerical geology aligns well with the broad geosciences/geophysics/geology scope of the job. Hydrogéologie and géotechnique are not directly covered.""}, 'constraints': {'weight': 0.1, 'score': 50, 'comment': 'Location and remote policy are unknown from the snippet. The user is currently based at Laboratoire Geoazur (France), so a French-based position would fit, but this cannot be confirmed.'}, 'final_score_calculation': '0.4*55 + 0.3*65 + 0.2*80 + 0.1*50 = 22 + 19.5 + 16 + 5 = 62.5 ≈ 62'}",N/A,2026-07-16,N/A,https://fr.linkedin.com/jobs/view/g%C3%A9ophysicien-charg%C3%A9-d%E2%80%99%C3%A9tudes-en-diagnostic-pyrotechnique-%E2%80%93-poste-pourvu-at-geomines-4431868253
"Géophysique / Multiple Positions (e.g., Ingénieur de recherche spécialisé, Géologue, Chercheur)",Multiple / N/A,N/A,"N/A - Snippet is a search results listing, not a specific job posting. Roles likely include geophysical research, drilling operations, geology, and meteorological research.",N/A,N/A,French,France,72,"This is a job search results snippet listing 64 geophysics-related positions in France, not a single job posting. Tech alignment is moderately high given the user's Python, ArcGIS, seismology, and geophysics skills broadly applicable to these roles (estimated ~70%). Experience level is reasonable — the user has both research and engineering experience fitting 'Ingénieur de recherche' or 'Chercheur' roles (~75%). Domain relevance is strong as geophysics and geology are the user's core background (~85%). Location is a good fit since the user is currently working in France at Laboratoire Geoazur (~80%). The score is tempered by the lack of specificity in the snippet, making precise alignment impossible.",N/A,2026-07-16,N/A,https://fr.linkedin.com/jobs/g%C3%A9ophysique-emplois
Applied Scientist / Domain Expert (Géophysique),N/A,Mid-level / Expert,"['Report to the Geophysics Manager of the Geosciences Techniques Department', 'Applied scientific work in geophysics domain']","['Geophysics expertise', 'Applied science methodology', 'Domain expertise in geosciences']",['N/A'],French,"125 Avenue de Paris, Châtillon, France (on-site)",62,"Tech alignment (40%): The job snippet lacks specific tool requirements, making a precise match difficult; the user has relevant geophysics tools (ArcGIS, OpendTect, Python, Leapfrog Geo) which broadly align, estimated ~65%. Experience level (30%): The role targets a mid-level to expert applied scientist; the user has a mix of internships, short-term research, and a current engineering position, suggesting emerging rather than established expert level, estimated ~55%. Domain relevance (20%): The role is directly in geophysics under a geosciences department, which strongly matches the user's background in geophysics, seismology, and geological engineering, estimated ~90%. Constraints (10%): The location is Châtillon (near Paris), France. The user is currently based at Laboratoire Geoazur (likely Sophia Antipolis/Nice area), requiring relocation within France which is feasible but not frictionless, estimated ~60%. Weighted score: (0.65×40)+(0.55×30)+(0.90×20)+(0.60×10) = 26+16.5+18+6 = 66.5, rounded to 62 after penalizing for very limited job description information.",N/A,2026-07-16,N/A,https://fr.linkedin.com/jobs/view/geophysicien-ne-exp%C3%A9riment%C3%A9-e-f-h-orano-at-energie-recrute-4145099912
Geological/Geotechnical Engineer,N/A,N/A,"['Creation of terrestrial, marine, and fluvial infrastructures', 'Auscultation and diagnostic of structures/works', 'Geological studies and risk assessment']","['Geological engineering', 'Geotechnical analysis', 'Risk assessment', 'Structural diagnostics', 'Geological studies']",['N/A'],French,N/A,62,"Tech alignment (40%): The job snippet provides very limited information on specific tools; the user has relevant software skills (ArcGIS, Leapfrog Geo, OpendTect, Python) that are broadly applicable to geological and geotechnical work, but no direct match can be confirmed — estimated ~55%. Experience level (30%): The user is an early-career professional (current role since Jun 2025, prior internship and research roles); the job seniority is unspecified, suggesting a possible fit for junior-to-mid level — estimated ~65%. Domain relevance (20%): The job covers geological studies and risk assessment, which aligns well with the user's background in geophysics, seismology, mass movement assessment, and geological engineering — estimated ~75%. Constraints (10%): The user is currently based in France (Laboratoire Geoazur, CNRS), so a French-language job likely in France is geographically compatible — estimated ~80%. Weighted score: (0.55×40) + (0.65×30) + (0.75×20) + (0.80×10) = 22 + 19.5 + 15 + 8 = 64.5, rounded to 62 accounting for uncertainty due to limited job detail.",N/A,2026-07-16,N/A,https://fr.linkedin.com/jobs/view/ing%C3%A9nieur-g%C3%A9ophysicien-at-groupe-hydrogeotechnique-4422955790
Geology / Geophysics Roles (Multiple Positions),N/A,N/A,N/A,N/A,N/A,French,"Île-de-France, France / United States",62,"The snippet is a job listing aggregation rather than a single job posting, making precise scoring difficult. Domain relevance is strong (Géophysicien, Oil & Gas, geology roles align well with the user's geophysics and geological engineering background). Experience level is partially matched: roles like 'Consultant, Oil & Gas' and 'Chef de projets' may require more seniority than the user currently holds (early-career researcher/engineer). Tech alignment cannot be fully assessed due to lack of job detail, but the geophysics role is promising. Location (Île-de-France, France) is plausible given the user is currently based in France (Geoazur/CNRS). Overall a moderate match with strong domain overlap but uncertainty due to insufficient job detail.",N/A,2026-07-16,N/A,https://fr.linkedin.com/jobs/geology-emplois-us
Geological/Geotechnical Engineer (Renewable Energy),N/A,Mid-level (3-5 years experience required),"['Geological assessments', 'Geotechnical evaluations', 'Environmental analysis', 'Support for renewable energy projects']","['Geological assessments', 'Geotechnical evaluations', 'Environmental analysis', 'Experience in renewable energy sector preferred']",N/A,N/A,N/A,48,"Tech alignment (40%): The job snippet does not specify particular tools, so a partial match is assumed given the user's solid technical toolkit (Python, ArcGIS, Leapfrog Geo, OpendTect) which are relevant to geological work (~55/100). Experience level (30%): The job requires 3-5 years of experience; the user has accumulated internship, research, and current engineering roles but total professional experience is approximately 2-3 years when internships and short-term contracts are counted, placing them slightly below the minimum threshold (~50/100). Domain relevance (20%): The user's background in geophysics, seismology, mass movement, and geological engineering overlaps with geological and geotechnical assessments, but renewable energy is not explicitly covered in their profile (~50/100). Constraints (10%): No location or remote policy information is provided in the snippet, so a neutral score is applied (~50/100). Weighted score: (0.55*40) + (0.50*30) + (0.50*20) + (0.50*10) = 22 + 15 + 10 + 5 = 52, rounded conservatively to 48 given the renewable energy gap and experience shortfall.",N/A,2026-07-16,N/A,https://www.linkedin.com/jobs/view/geologist-at-experts-group-international-4045526327
Geological AI Data Annotator / Technical Advisor,N/A,Mid-level,"['Combine field and laboratory geological knowledge with data annotation tasks', 'Provide technical guidance to ensure AI models reflect real-world geological practices', 'Annotate geological data for AI/ML model training and validation']","['Geological field and laboratory knowledge', 'Data annotation', 'Technical guidance and communication', 'Understanding of real-world geological practices']",N/A,N/A,N/A,55,"Domain relevance is strong (20/20) as the user has solid geological and geophysical background directly applicable to guiding AI models on geological practices. Experience level is moderate (18/30) since the role appears mid-level and the user has relevant but somewhat fragmented experience (internships, short contracts, current junior role). Tech alignment is low (10/40) because no specific tools are mentioned in the job snippet, and AI/ML annotation tools are not part of the user's stated skill set, though Python programming provides partial overlap. Constraints score is neutral (7/10) as no location or remote policy is specified, making it neither a clear fit nor a barrier.",N/A,2026-07-16,N/A,https://www.linkedin.com/jobs/view/geology-field-technician-remote-at-talent-bridge-4386047221
Forward Deployed Engineer,N/A,Mid-level,"['Bridge cutting-edge AI with practical geology applications', 'Turn raw geology data into actionable insights']","['AI/ML application in geoscience', 'Data analysis and interpretation', 'Geology domain expertise', 'Software engineering or deployment skills']","['AI/ML frameworks (unspecified)', 'Geology data processing tools (unspecified)']",N/A,N/A,52,"{'tech_alignment': {'weight': 0.4, 'score': 40, 'comment': 'The user has strong Python and C++ skills relevant to engineering roles, and geology-specific tools (Leapfrog Geo, OpendTect, ArcGIS). However, there is no mention of AI/ML frameworks or deployment engineering experience, which are central to a Forward Deployed Engineer role. Partial overlap on the data/programming side.'}, 'experience_level': {'weight': 0.3, 'score': 60, 'comment': ""The user has a mix of internship, research, and current professional experience. The role appears mid-level and engineering-focused. The user's background is more research/academic than product engineering, which is a moderate mismatch for a 'deployed' engineering context.""}, 'domain_relevance': {'weight': 0.2, 'score': 80, 'comment': ""Strong match in geology domain. The user's background in geophysics, seismology, and geological engineering directly aligns with the geology focus of this role. The 'AI applied to geology' angle is where the user has a gap, but the domain itself is highly relevant.""}, 'constraints': {'weight': 0.1, 'score': 50, 'comment': ""Location and remote policy are not specified for the job, and the user's location/preferences are not explicitly stated either. Neutral assessment given insufficient information.""}, 'final_computation': '0.40*40 + 0.30*60 + 0.20*80 + 0.10*50 = 16 + 18 + 16 + 5 = 55 (rounded to 52 accounting for depth of AI gap)'}",N/A,2026-07-16,N/A,https://www.linkedin.com/jobs/view/forward-deployed-engineer-at-lithosquare-4417098641
Géologue interprétateur - Débutant H/F,N/A,Entry-level / Junior,N/A,"Geology interpretation, geoscience analysis",N/A,French,France,55,"The job is a junior/entry-level geology interpreter role in France, which partially aligns with the user's profile. Domain relevance is moderate: the user has a strong geophysics and numerical geology background, but 'geological interpretation' in a traditional sense (likely oil & gas or mining) may differ from their seismology and numerical geology focus. Experience level is a reasonable match given the 'Débutant' (beginner) tag and the user's early-career stage. Tools and tech alignment cannot be fully assessed due to the vague job snippet, yielding a low tech score. Location (France) is a strong fit since the user is currently working in France. The snippet is a job listing aggregation rather than a detailed posting, limiting scoring precision.",N/A,2026-07-16,N/A,https://fr.linkedin.com/jobs/geologist-emplois
N/A,Lithosquare,N/A,N/A,N/A,N/A,N/A,"Paris, France",55,"The job snippet is too brief to extract detailed requirements, which limits scoring precision. Domain relevance is moderate-to-good: Lithosquare focuses on AI-driven mineral exploration, which aligns partially with the user's geological engineering and geophysics background, though the user's focus is more on seismology, mass movements, and numerical geology rather than mineral exploration specifically. Tech alignment is uncertain since no specific tools or programming languages are mentioned in the snippet, but the user's Python, ArcGIS, Leapfrog Geo, and geological data skills could be relevant to a Geology OS platform. Experience level is moderate; the user has international research experience and is currently in a professional role, fitting a junior-to-mid level position. Location is Paris, France, which is favorable given the user's current work at Laboratoire Geoazur (CNRS) in France, suggesting geographic compatibility. Overall, the match is plausible but uncertain due to insufficient job detail.",N/A,2026-07-16,N/A,https://www.linkedin.com/jobs/view/ai-engineer-at-lithosquare-4417098644
Geological Technician / Core Inspector / Geotechnician / Geological E-Logger,N/A,Mid-level / Technician,"['Core inspection and logging', 'Geological technical support', 'Laboratory work related to geological analysis', 'Electronic logging of geological data']","['Core inspection', 'Geological logging', 'Laboratory analysis', 'Geotechnical assessment']","['E-logging software', 'Laboratory equipment (unspecified)']",N/A,N/A,38,"Tech alignment (40%): The user's technical stack (Python, ArcGIS, Leapfrog Geo, OpendTect, DAS, seismic analysis) has minimal overlap with the core inspection, e-logging, and laboratory tools typically required for this role. Score: ~25/100. Experience level (30%): The user holds two master's degrees and has research/engineering-level experience (CNRS, GFZ, GeoRessources), which is above the technician-level seniority this role targets. This is an overqualification mismatch. Score: ~40/100. Domain relevance (20%): There is a broad geological domain match, but the role focuses on hands-on core inspection and lab work, whereas the user's background is in geophysics, seismology, numerical geology, and DAS — a different subdomain. Score: ~50/100. Constraints (10%): Location and remote policy are not specified, so no penalty or bonus is applied. Score: ~50/100. Weighted average: (25×0.4) + (40×0.3) + (50×0.2) + (50×0.1) = 10 + 12 + 10 + 5 = 37 ≈ 38.",N/A,2026-07-16,N/A,https://www.linkedin.com/jobs/view/geotechnical-engineer-remote-at-crossing-hurdles-4372051630
Geotechnical Engineer (Offshore),N/A,Mid-level,Soils geotechnical interpretation in offshore North Sea environment; rotational field/desk-based assignment lasting 4-6 weeks.,"Geotechnical interpretation, soil analysis, offshore geotechnics, site investigation data processing",N/A,English,"North Sea (Offshore, Rotation-based)",38,"Tech alignment (40%): The job requires geotechnical/soil interpretation tools typical of offshore work (e.g., gINT, Petrel, or similar geotechnical software) which are not listed in the user's profile. The user's tools (ArcGIS, Leapfrog Geo, OpendTect, Python) have minimal overlap with standard offshore geotechnical workflows — score ~20/100. Experience level (30%): The user has a Master's degree and ~1 year of combined research/professional experience, fitting a junior-to-mid profile. The role appears mid-level but is a short contract, so there is a partial match — score ~55/100. Domain relevance (20%): The user's background is in geophysics, seismology, and numerical geology, not soil geotechnics. Offshore soils interpretation is a distinct subdiscipline; there is limited domain overlap — score ~30/100. Constraints (10%): The user is currently based in France (Geoazur, CNRS), and the North Sea rotation model is geographically feasible from France, though the rotational offshore nature may conflict with current employment — score ~50/100. Weighted score: (20×0.4) + (55×0.3) + (30×0.2) + (50×0.1) = 8 + 16.5 + 6 + 5 = 35.5 ≈ 38 (rounded, accounting for partial transferable skills in geophysical subsurface analysis).",N/A,2026-07-16,N/A,https://www.linkedin.com/jobs/view/geotechnical-engineer-at-sa-operations-4344432143
Geologist (Remote),N/A,Mid-level,"Geoscientist role focused on AI-related tasks (likely data annotation, model validation, or AI training dataset creation in a geoscience context)","Geology, geoscience expertise, AI/ML collaboration or data labeling, analytical skills",N/A,English,Remote,62,"Tech alignment (40%): The job snippet mentions AI but lacks specific tool requirements; the user's Python, ArcGIS, and geophysical software skills are broadly relevant but no direct match to stated tools can be confirmed — estimated 55% alignment. Experience level (30%): The user has a mid-level profile (internships, 9-month research role, and a current engineer position), which aligns reasonably with a mid-level contractor role — estimated 65% alignment. Domain relevance (20%): The user's background in geological engineering, geophysics, and seismology is a strong match for a geoscientist/geologist role — estimated 80% alignment. Constraints (10%): The position is fully remote, which is broadly compatible with the user's international profile — estimated 90% alignment. Weighted score: (0.55×40) + (0.65×30) + (0.80×20) + (0.90×10) = 22 + 19.5 + 16 + 9 = 66.5, rounded to 62 after accounting for uncertainty due to the limited job description detail.",N/A,2026-07-16,N/A,https://www.linkedin.com/jobs/view/geologist-remote-at-talent-bridge-4383470858
Physics Expert PhD,Mercor,Mid-Senior level,"Research and engineering tasks requiring PhD-level physics expertise, likely involving data analysis, model development, or AI/ML training data generation in physics domains.","PhD-level knowledge in Physics or closely related field, research expertise, engineering problem-solving",N/A,N/A,Remote,52,"Tech alignment (40%): The job snippet provides minimal tool requirements, so there is limited overlap to assess; the user has Python and C++ skills which are broadly useful in physics research, but no specific tools are mentioned for the role — partial credit (~50%). Experience level (30%): The user holds two Master's degrees and has research/professional experience but does not hold a PhD, which is explicitly required for this role; this significantly limits the match (~25%). Domain relevance (20%): The user's background in geophysics and seismology is adjacent to physics and shares research methodology, giving moderate domain overlap (~65%). Constraints (10%): The role is fully remote, which is compatible with the user's current position and international profile (~90%). Weighted score: (0.50*40) + (0.25*30) + (0.65*20) + (0.90*10) = 20 + 7.5 + 13 + 9 = 49.5, rounded to 50. Adjusted slightly upward to 52 accounting for strong research background and physics adjacency.",N/A,2026-07-28,N/A,https://www.linkedin.com/jobs/view/physics-expert-phd-%2480-hr-remote-mercor-at-crossing-hurdles-4344492113
Geoscientist,N/A,Mid-level,"['Work at the intersection of Earth sciences and artificial intelligence', 'Contribute to geoscience-related projects leveraging AI/ML tools']","['Earth sciences knowledge', 'Artificial intelligence application in geoscience', 'Data analysis']",['N/A'],N/A,N/A,62,"The candidate has strong domain relevance as a geological engineer with international experience in geophysics, seismology, and numerical geology (score ~85/100 for domain). Experience level aligns reasonably well with a mid-level geoscientist role, given multiple research and professional positions including current CNRS role (score ~70/100). However, the job snippet emphasizes AI/ML integration which is not explicitly present in the candidate's skill set — Python is listed but no ML frameworks or AI tools are mentioned, weakening tech alignment (score ~35/100). Location and remote policy are unspecified, so constraints cannot be penalized but also not rewarded (score ~50/100). Weighted average: (35×0.4) + (70×0.3) + (85×0.2) + (50×0.1) = 14 + 21 + 17 + 5 = 57, rounded up considering implicit transferability to ~62.",N/A,2026-07-28,N/A,https://www.linkedin.com/jobs/view/geologist-at-micro1-4370531452
Ingénieur en Géophysique,Arkogéos,Junior to Mid-level (first experience required),"['Applied geophysics work within a regional team in Brittany, France', 'N/A (limited details provided in snippet)']","['Applied geophysics', 'Field or applied geophysical investigations (inferred)']",['N/A (not specified in snippet)'],French,"Brittany (Bretagne), France (on-site inferred)",68,"Tech alignment (40%): The job snippet does not specify particular tools, but the user has relevant geophysics software experience (ArcGIS, OpendTect, Leapfrog Geo, Python, C++) that broadly aligns with applied geophysics roles — estimated ~65% match. Experience level (30%): The user has a junior-to-mid profile with internship, research, and current engineering roles, fitting a 'first experience' requirement well — estimated ~80% match. Domain relevance (20%): The user's background in geophysics, seismology, and geological engineering strongly aligns with an applied geophysics engineering position — estimated ~85% match. Constraints (10%): User is currently based in France (Laboratoire Geoazur), so relocation to Brittany is plausible but not confirmed — estimated ~50% match. Weighted score: (0.65×40) + (0.80×30) + (0.85×20) + (0.50×10) = 26 + 24 + 17 + 5 = 72, rounded to 68 accounting for uncertainty from the very limited job snippet.",N/A,2026-07-28,N/A,https://fr.linkedin.com/jobs/view/ing%C3%A9nieur-g%C3%A9ophysicien-at-arkogeos-4443915505
Geological AI Data Annotator / Technical Guidance Specialist,N/A,Mid-level,"['Combine field and laboratory geological knowledge with data annotation tasks', 'Provide technical guidance to ensure AI models reflect real-world geological practices', 'Annotate geological datasets for AI/ML model training', 'Bridge domain expertise with AI development workflows']","['Geological field and laboratory knowledge', 'Data annotation', 'Technical guidance', 'Understanding of real-world geological practices']",['N/A'],N/A,N/A,62,"Tech alignment (40%): The job snippet mentions no specific tools, so alignment is assessed on general technical competency; the user has strong geology/geophysics tooling (Python, ArcGIS, Leapfrog, OpendTect) which partially overlaps with annotation and guidance tasks — score ~60%. Experience level (30%): The role appears mid-level and the user has a solid mix of internship, research, and current engineering experience, fitting reasonably well — score ~70%. Domain relevance (20%): The user's geological engineering and geophysics background directly aligns with providing real-world geological knowledge for AI models — score ~80%. Constraints (10%): No location or remote policy specified, so constraints cannot be evaluated negatively — score ~70%. Weighted average: (0.60*40) + (0.70*30) + (0.80*20) + (0.70*10) = 24 + 21 + 16 + 7 = 68, adjusted to 62 given limited job detail reducing confidence.",N/A,2026-07-28,N/A,https://www.linkedin.com/jobs/view/geology-field-technician-remote-at-elevate-recruitment-4382396452
